#LEMMI16s_dm|SILVA:release_138.1:v1.0
toolname	sample	rank	value
kraken2_multi_cluster	HOMD_v4_GTDB-c001	family	9.209819666693853
kraken2_multi_cluster	HOMD_v4_GTDB-c002	family	9.45375742883805
kraken2_multi_cluster	HOMD_v4_GTDB-c003	family	7.229540665812303
kraken2_multi_cluster	HOMD_v4_GTDB-c001	genus	5.627968676442533
kraken2_multi_cluster	HOMD_v4_GTDB-c002	genus	6.754254420419295
kraken2_multi_cluster	HOMD_v4_GTDB-c003	genus	6.0750163186170445
kraken2_multi_cluster	HOMD_v4_GTDB-c001	species	0.0
kraken2_multi_cluster	HOMD_v4_GTDB-c002	species	0.0
kraken2_multi_cluster	HOMD_v4_GTDB-c003	species	0.0
kraken2_mono_cluster	HOMD_v4_GTDB-c001	family	9.209819666693853
kraken2_mono_cluster	HOMD_v4_GTDB-c002	family	9.45375742883805
kraken2_mono_cluster	HOMD_v4_GTDB-c003	family	7.229540665812303
kraken2_mono_cluster	HOMD_v4_GTDB-c001	genus	5.627968676442533
kraken2_mono_cluster	HOMD_v4_GTDB-c002	genus	6.754254420419295
kraken2_mono_cluster	HOMD_v4_GTDB-c003	genus	6.0750163186170445
kraken2_mono_cluster	HOMD_v4_GTDB-c001	species	0.0
kraken2_mono_cluster	HOMD_v4_GTDB-c002	species	0.0
kraken2_mono_cluster	HOMD_v4_GTDB-c003	species	0.0
