timestamp,power_w
2026-09-28 19:46:01.062,2.214
2026-09-28 19:46:02.112,2.228
2026-09-28 19:46:03.156,2.410
2026-09-28 19:46:04.195,2.464
2026-09-28 19:46:05.229,3.791
2026-09-28 19:46:06.263,2.376
2026-09-28 19:46:07.299,2.368
2026-09-28 19:46:08.337,2.414
2026-09-28 19:46:09.383,2.466
2026-09-28 19:46:10.427,1.983
2026-09-28 19:46:11.463,2.196
2026-09-28 19:46:12.500,2.202
2026-09-28 19:46:13.542,2.231
2026-09-28 19:46:14.578,2.206
2026-09-28 19:46:15.614,2.424
2026-09-28 19:46:16.650,2.469
2026-09-28 19:46:17.691,2.429
2026-09-28 19:46:18.732,2.394
2026-09-28 19:46:19.770,2.449
2026-09-28 19:46:20.806,2.449
2026-09-28 19:46:21.849,2.822
2026-09-28 19:46:22.927,2.486
2026-09-28 19:46:23.967,2.195
2026-09-28 19:46:25.000,2.213
2026-09-28 19:46:26.035,2.182
2026-09-28 19:46:27.068,2.407
2026-09-28 19:46:28.102,2.408
2026-09-28 19:46:29.135,2.448
2026-09-28 19:46:30.170,2.388
