alfa_v1v2_SILVA-c001	0	0.3333333333333333	0
alfa_v1v2_SILVA-c001	0.8333333333333334	0.3333333333333333	0
alfa_v1v2_SILVA-c001	0.8	0.26666666666666666	99
alfa_v1v2_SILVA-c001	0.75	0.2	213
alfa_v1v2_SILVA-c001	0.6666666666666666	0.13333333333333333	642
alfa_v1v2_SILVA-c001	0.5	0.06666666666666667	3366
alfa_v1v2_SILVA-c001	0.0	0.0	4383
alfa_v1v2_SILVA-c002	0	0.3333333333333333	0
alfa_v1v2_SILVA-c002	0.8333333333333334	0.3333333333333333	0
alfa_v1v2_SILVA-c002	0.8	0.26666666666666666	36
alfa_v1v2_SILVA-c002	0.75	0.2	81
alfa_v1v2_SILVA-c002	0.6666666666666666	0.13333333333333333	507
alfa_v1v2_SILVA-c002	0.5	0.06666666666666667	909
alfa_v1v2_SILVA-c002	0.0	0.0	1632
alfa_v1v2_SILVA-c003	0	0.3333333333333333	0
alfa_v1v2_SILVA-c003	0.8333333333333334	0.3333333333333333	0
alfa_v1v2_SILVA-c003	0.8	0.26666666666666666	81
alfa_v1v2_SILVA-c003	0.75	0.2	300
alfa_v1v2_SILVA-c003	0.6666666666666666	0.13333333333333333	525
alfa_v1v2_SILVA-c003	0.5	0.06666666666666667	561
alfa_v1v2_SILVA-c003	0.0	0.0	2913
