HOMD_v4_GTDB-c001	0	0.6440677966101694	0
HOMD_v4_GTDB-c001	0.2375	0.6440677966101694	0
HOMD_v4_GTDB-c001	0.24203821656050956	0.6440677966101694	3
HOMD_v4_GTDB-c001	0.24342105263157895	0.6271186440677966	6
HOMD_v4_GTDB-c001	0.2534246575342466	0.6271186440677966	9
HOMD_v4_GTDB-c001	0.2642857142857143	0.6271186440677966	12
HOMD_v4_GTDB-c001	0.2748091603053435	0.6101694915254238	15
HOMD_v4_GTDB-c001	0.28125	0.6101694915254238	18
HOMD_v4_GTDB-c001	0.288	0.6101694915254238	21
HOMD_v4_GTDB-c001	0.2975206611570248	0.6101694915254238	24
HOMD_v4_GTDB-c001	0.3076923076923077	0.6101694915254238	27
HOMD_v4_GTDB-c001	0.3157894736842105	0.6101694915254238	30
HOMD_v4_GTDB-c001	0.32432432432432434	0.6101694915254238	33
HOMD_v4_GTDB-c001	0.32407407407407407	0.5932203389830508	36
HOMD_v4_GTDB-c001	0.32710280373831774	0.5932203389830508	39
HOMD_v4_GTDB-c001	0.33980582524271846	0.5932203389830508	42
HOMD_v4_GTDB-c001	0.35	0.5932203389830508	45
HOMD_v4_GTDB-c001	0.36082474226804123	0.5932203389830508	48
HOMD_v4_GTDB-c001	0.3645833333333333	0.5932203389830508	51
HOMD_v4_GTDB-c001	0.3617021276595745	0.576271186440678	54
HOMD_v4_GTDB-c001	0.3655913978494624	0.576271186440678	57
HOMD_v4_GTDB-c001	0.358695652173913	0.559322033898305	60
HOMD_v4_GTDB-c001	0.375	0.559322033898305	63
HOMD_v4_GTDB-c001	0.38823529411764707	0.559322033898305	66
HOMD_v4_GTDB-c001	0.39759036144578314	0.559322033898305	69
HOMD_v4_GTDB-c001	0.4125	0.559322033898305	72
HOMD_v4_GTDB-c001	0.4177215189873418	0.559322033898305	75
HOMD_v4_GTDB-c001	0.4230769230769231	0.559322033898305	78
HOMD_v4_GTDB-c001	0.4342105263157895	0.559322033898305	81
HOMD_v4_GTDB-c001	0.4266666666666667	0.5423728813559322	87
HOMD_v4_GTDB-c001	0.43243243243243246	0.5423728813559322	93
HOMD_v4_GTDB-c001	0.4507042253521127	0.5423728813559322	96
HOMD_v4_GTDB-c001	0.45714285714285713	0.5423728813559322	102
HOMD_v4_GTDB-c001	0.4492753623188406	0.5254237288135594	117
HOMD_v4_GTDB-c001	0.45588235294117646	0.5254237288135594	120
HOMD_v4_GTDB-c001	0.46875	0.5084745762711864	123
HOMD_v4_GTDB-c001	0.47619047619047616	0.5084745762711864	126
HOMD_v4_GTDB-c001	0.46774193548387094	0.4915254237288136	138
HOMD_v4_GTDB-c001	0.47540983606557374	0.4915254237288136	144
HOMD_v4_GTDB-c001	0.48333333333333334	0.4915254237288136	147
HOMD_v4_GTDB-c001	0.4915254237288136	0.4915254237288136	156
HOMD_v4_GTDB-c001	0.5087719298245614	0.4915254237288136	165
HOMD_v4_GTDB-c001	0.5272727272727272	0.4915254237288136	189
HOMD_v4_GTDB-c001	0.5471698113207547	0.4915254237288136	207
HOMD_v4_GTDB-c001	0.5576923076923077	0.4915254237288136	225
HOMD_v4_GTDB-c001	0.5686274509803921	0.4915254237288136	234
HOMD_v4_GTDB-c001	0.58	0.4915254237288136	252
HOMD_v4_GTDB-c001	0.5918367346938775	0.4915254237288136	261
HOMD_v4_GTDB-c001	0.6041666666666666	0.4915254237288136	267
HOMD_v4_GTDB-c001	0.6086956521739131	0.4745762711864407	282
HOMD_v4_GTDB-c001	0.6	0.4576271186440678	294
HOMD_v4_GTDB-c001	0.6136363636363636	0.4576271186440678	330
HOMD_v4_GTDB-c001	0.6046511627906976	0.4406779661016949	345
HOMD_v4_GTDB-c001	0.5952380952380952	0.423728813559322	363
HOMD_v4_GTDB-c001	0.5853658536585366	0.4067796610169492	375
HOMD_v4_GTDB-c001	0.575	0.3898305084745763	432
HOMD_v4_GTDB-c001	0.5897435897435898	0.3898305084745763	453
HOMD_v4_GTDB-c001	0.6052631578947368	0.3898305084745763	459
HOMD_v4_GTDB-c001	0.6216216216216216	0.3898305084745763	462
HOMD_v4_GTDB-c001	0.6	0.3559322033898305	567
HOMD_v4_GTDB-c001	0.5882352941176471	0.3389830508474576	603
HOMD_v4_GTDB-c001	0.6060606060606061	0.3389830508474576	651
HOMD_v4_GTDB-c001	0.625	0.3389830508474576	669
HOMD_v4_GTDB-c001	0.6451612903225806	0.3389830508474576	672
HOMD_v4_GTDB-c001	0.6333333333333333	0.3220338983050847	675
HOMD_v4_GTDB-c001	0.6551724137931034	0.3220338983050847	678
HOMD_v4_GTDB-c001	0.6785714285714286	0.3220338983050847	702
HOMD_v4_GTDB-c001	0.7037037037037037	0.3220338983050847	762
HOMD_v4_GTDB-c001	0.6923076923076923	0.3050847457627119	768
HOMD_v4_GTDB-c001	0.72	0.3050847457627119	852
HOMD_v4_GTDB-c001	0.7391304347826086	0.288135593220339	888
HOMD_v4_GTDB-c001	0.7727272727272727	0.288135593220339	897
HOMD_v4_GTDB-c001	0.8095238095238095	0.288135593220339	960
HOMD_v4_GTDB-c001	0.8	0.2711864406779661	1002
HOMD_v4_GTDB-c001	0.8235294117647058	0.23728813559322035	1041
HOMD_v4_GTDB-c001	0.8125	0.22033898305084745	1083
HOMD_v4_GTDB-c001	0.8	0.2033898305084746	1092
HOMD_v4_GTDB-c001	0.8571428571428571	0.2033898305084746	1098
HOMD_v4_GTDB-c001	0.9230769230769231	0.2033898305084746	1125
HOMD_v4_GTDB-c001	0.9166666666666666	0.1864406779661017	1128
HOMD_v4_GTDB-c001	0.9090909090909091	0.1694915254237288	1233
HOMD_v4_GTDB-c001	0.9	0.15254237288135594	1320
HOMD_v4_GTDB-c001	0.8888888888888888	0.13559322033898305	1341
HOMD_v4_GTDB-c001	0.875	0.11864406779661017	1359
HOMD_v4_GTDB-c001	0.8571428571428571	0.1016949152542373	1554
HOMD_v4_GTDB-c001	0.8333333333333334	0.0847457627118644	2529
HOMD_v4_GTDB-c001	0.8	0.06779661016949153	2583
HOMD_v4_GTDB-c001	0.75	0.05084745762711865	3516
HOMD_v4_GTDB-c001	1.0	0.05084745762711865	3534
HOMD_v4_GTDB-c001	1	0	3534
HOMD_v4_GTDB-c002	0	0.6379310344827587	0
HOMD_v4_GTDB-c002	0.20786516853932585	0.6379310344827587	0
HOMD_v4_GTDB-c002	0.2138728323699422	0.6379310344827587	3
HOMD_v4_GTDB-c002	0.22699386503067484	0.6379310344827587	6
HOMD_v4_GTDB-c002	0.23870967741935484	0.6379310344827587	9
HOMD_v4_GTDB-c002	0.2642857142857143	0.6379310344827587	12
HOMD_v4_GTDB-c002	0.2824427480916031	0.6379310344827587	15
HOMD_v4_GTDB-c002	0.2903225806451613	0.6206896551724138	18
HOMD_v4_GTDB-c002	0.3025210084033613	0.6206896551724138	21
HOMD_v4_GTDB-c002	0.3130434782608696	0.6206896551724138	27
HOMD_v4_GTDB-c002	0.32432432432432434	0.6206896551724138	30
HOMD_v4_GTDB-c002	0.3333333333333333	0.6206896551724138	33
HOMD_v4_GTDB-c002	0.33653846153846156	0.603448275862069	36
HOMD_v4_GTDB-c002	0.33980582524271846	0.603448275862069	39
HOMD_v4_GTDB-c002	0.3434343434343434	0.5862068965517241	42
HOMD_v4_GTDB-c002	0.35051546391752575	0.5862068965517241	48
HOMD_v4_GTDB-c002	0.35789473684210527	0.5862068965517241	51
HOMD_v4_GTDB-c002	0.36666666666666664	0.5689655172413793	54
HOMD_v4_GTDB-c002	0.375	0.5689655172413793	60
HOMD_v4_GTDB-c002	0.3793103448275862	0.5689655172413793	63
HOMD_v4_GTDB-c002	0.3855421686746988	0.5517241379310345	66
HOMD_v4_GTDB-c002	0.4	0.5517241379310345	69
HOMD_v4_GTDB-c002	0.41025641025641024	0.5517241379310345	72
HOMD_v4_GTDB-c002	0.40789473684210525	0.5344827586206896	75
HOMD_v4_GTDB-c002	0.41333333333333333	0.5344827586206896	81
HOMD_v4_GTDB-c002	0.4246575342465753	0.5344827586206896	84
HOMD_v4_GTDB-c002	0.4166666666666667	0.5172413793103449	87
HOMD_v4_GTDB-c002	0.4084507042253521	0.5	93
HOMD_v4_GTDB-c002	0.4142857142857143	0.5	96
HOMD_v4_GTDB-c002	0.4264705882352941	0.5	99
HOMD_v4_GTDB-c002	0.43283582089552236	0.5	102
HOMD_v4_GTDB-c002	0.4393939393939394	0.5	108
HOMD_v4_GTDB-c002	0.4461538461538462	0.5	117
HOMD_v4_GTDB-c002	0.453125	0.5	123
HOMD_v4_GTDB-c002	0.4603174603174603	0.5	126
HOMD_v4_GTDB-c002	0.46774193548387094	0.5	132
HOMD_v4_GTDB-c002	0.47540983606557374	0.5	144
HOMD_v4_GTDB-c002	0.4915254237288136	0.5	147
HOMD_v4_GTDB-c002	0.5	0.5	150
HOMD_v4_GTDB-c002	0.49122807017543857	0.4827586206896552	159
HOMD_v4_GTDB-c002	0.48214285714285715	0.46551724137931033	165
HOMD_v4_GTDB-c002	0.4727272727272727	0.4482758620689655	171
HOMD_v4_GTDB-c002	0.48148148148148145	0.4482758620689655	195
HOMD_v4_GTDB-c002	0.49056603773584906	0.4482758620689655	198
HOMD_v4_GTDB-c002	0.5	0.4482758620689655	204
HOMD_v4_GTDB-c002	0.5098039215686274	0.4482758620689655	237
HOMD_v4_GTDB-c002	0.52	0.4482758620689655	252
HOMD_v4_GTDB-c002	0.5306122448979592	0.4482758620689655	276
HOMD_v4_GTDB-c002	0.5416666666666666	0.4482758620689655	279
HOMD_v4_GTDB-c002	0.5531914893617021	0.4482758620689655	294
HOMD_v4_GTDB-c002	0.5434782608695652	0.43103448275862066	297
HOMD_v4_GTDB-c002	0.5555555555555556	0.43103448275862066	300
HOMD_v4_GTDB-c002	0.5681818181818182	0.43103448275862066	303
HOMD_v4_GTDB-c002	0.5813953488372093	0.43103448275862066	309
HOMD_v4_GTDB-c002	0.5952380952380952	0.43103448275862066	330
HOMD_v4_GTDB-c002	0.6	0.41379310344827586	339
HOMD_v4_GTDB-c002	0.6153846153846154	0.41379310344827586	357
HOMD_v4_GTDB-c002	0.631578947368421	0.41379310344827586	363
HOMD_v4_GTDB-c002	0.6216216216216216	0.39655172413793105	369
HOMD_v4_GTDB-c002	0.6388888888888888	0.39655172413793105	375
HOMD_v4_GTDB-c002	0.6571428571428571	0.39655172413793105	405
HOMD_v4_GTDB-c002	0.6470588235294118	0.3793103448275862	408
HOMD_v4_GTDB-c002	0.6666666666666666	0.3793103448275862	411
HOMD_v4_GTDB-c002	0.6875	0.3793103448275862	444
HOMD_v4_GTDB-c002	0.7096774193548387	0.3793103448275862	642
HOMD_v4_GTDB-c002	0.7	0.3620689655172414	663
HOMD_v4_GTDB-c002	0.6896551724137931	0.3448275862068966	675
HOMD_v4_GTDB-c002	0.6785714285714286	0.3275862068965517	678
HOMD_v4_GTDB-c002	0.7037037037037037	0.3275862068965517	708
HOMD_v4_GTDB-c002	0.7307692307692307	0.3275862068965517	870
HOMD_v4_GTDB-c002	0.76	0.3275862068965517	873
HOMD_v4_GTDB-c002	0.75	0.3103448275862069	876
HOMD_v4_GTDB-c002	0.7391304347826086	0.29310344827586204	891
HOMD_v4_GTDB-c002	0.7727272727272727	0.29310344827586204	951
HOMD_v4_GTDB-c002	0.7619047619047619	0.27586206896551724	1044
HOMD_v4_GTDB-c002	0.75	0.25862068965517243	1089
HOMD_v4_GTDB-c002	0.7894736842105263	0.25862068965517243	1116
HOMD_v4_GTDB-c002	0.8333333333333334	0.25862068965517243	1143
HOMD_v4_GTDB-c002	0.8235294117647058	0.2413793103448276	1212
HOMD_v4_GTDB-c002	0.8125	0.22413793103448276	1419
HOMD_v4_GTDB-c002	0.8	0.20689655172413793	1770
HOMD_v4_GTDB-c002	0.7857142857142857	0.1896551724137931	1803
HOMD_v4_GTDB-c002	0.8461538461538461	0.1896551724137931	1950
HOMD_v4_GTDB-c002	0.8333333333333334	0.1724137931034483	2070
HOMD_v4_GTDB-c002	0.8181818181818182	0.15517241379310345	2118
HOMD_v4_GTDB-c002	0.8	0.13793103448275862	2292
HOMD_v4_GTDB-c002	0.7777777777777778	0.1206896551724138	2589
HOMD_v4_GTDB-c002	0.75	0.10344827586206896	2826
HOMD_v4_GTDB-c002	0.7142857142857143	0.08620689655172414	3516
HOMD_v4_GTDB-c002	0.6666666666666666	0.06896551724137931	3651
HOMD_v4_GTDB-c002	0.8	0.06896551724137931	4425
HOMD_v4_GTDB-c002	0.75	0.05172413793103448	5145
HOMD_v4_GTDB-c002	1.0	0.05172413793103448	6528
HOMD_v4_GTDB-c002	1	0	6528
HOMD_v4_GTDB-c003	0	0.6229508196721312	0
HOMD_v4_GTDB-c003	0.2375	0.6229508196721312	0
HOMD_v4_GTDB-c003	0.24358974358974358	0.6229508196721312	3
HOMD_v4_GTDB-c003	0.2753623188405797	0.6229508196721312	6
HOMD_v4_GTDB-c003	0.2868217054263566	0.6065573770491803	9
HOMD_v4_GTDB-c003	0.31092436974789917	0.6065573770491803	12
HOMD_v4_GTDB-c003	0.3217391304347826	0.6065573770491803	15
HOMD_v4_GTDB-c003	0.33636363636363636	0.6065573770491803	18
HOMD_v4_GTDB-c003	0.3490566037735849	0.6065573770491803	21
HOMD_v4_GTDB-c003	0.3592233009708738	0.6065573770491803	24
HOMD_v4_GTDB-c003	0.3645833333333333	0.5737704918032787	27
HOMD_v4_GTDB-c003	0.3655913978494624	0.5573770491803278	30
HOMD_v4_GTDB-c003	0.37777777777777777	0.5573770491803278	33
HOMD_v4_GTDB-c003	0.3953488372093023	0.5573770491803278	36
HOMD_v4_GTDB-c003	0.40476190476190477	0.5573770491803278	39
HOMD_v4_GTDB-c003	0.40963855421686746	0.5573770491803278	42
HOMD_v4_GTDB-c003	0.4074074074074074	0.5409836065573771	45
HOMD_v4_GTDB-c003	0.4177215189873418	0.5409836065573771	48
HOMD_v4_GTDB-c003	0.4230769230769231	0.5409836065573771	51
HOMD_v4_GTDB-c003	0.4342105263157895	0.5409836065573771	54
HOMD_v4_GTDB-c003	0.44594594594594594	0.5409836065573771	57
HOMD_v4_GTDB-c003	0.4507042253521127	0.5245901639344263	60
HOMD_v4_GTDB-c003	0.463768115942029	0.5245901639344263	63
HOMD_v4_GTDB-c003	0.4626865671641791	0.5081967213114754	66
HOMD_v4_GTDB-c003	0.4696969696969697	0.5081967213114754	69
HOMD_v4_GTDB-c003	0.47692307692307695	0.5081967213114754	72
HOMD_v4_GTDB-c003	0.484375	0.5081967213114754	81
HOMD_v4_GTDB-c003	0.49206349206349204	0.5081967213114754	84
HOMD_v4_GTDB-c003	0.4838709677419355	0.4918032786885246	102
HOMD_v4_GTDB-c003	0.47540983606557374	0.47540983606557374	105
HOMD_v4_GTDB-c003	0.4915254237288136	0.47540983606557374	108
HOMD_v4_GTDB-c003	0.4827586206896552	0.45901639344262296	111
HOMD_v4_GTDB-c003	0.48214285714285715	0.4426229508196721	120
HOMD_v4_GTDB-c003	0.5192307692307693	0.4426229508196721	129
HOMD_v4_GTDB-c003	0.5294117647058824	0.4426229508196721	138
HOMD_v4_GTDB-c003	0.54	0.4426229508196721	144
HOMD_v4_GTDB-c003	0.5306122448979592	0.4262295081967213	150
HOMD_v4_GTDB-c003	0.5531914893617021	0.4262295081967213	156
HOMD_v4_GTDB-c003	0.5652173913043478	0.4262295081967213	159
HOMD_v4_GTDB-c003	0.5555555555555556	0.4098360655737705	162
HOMD_v4_GTDB-c003	0.5681818181818182	0.4098360655737705	171
HOMD_v4_GTDB-c003	0.5813953488372093	0.4098360655737705	189
HOMD_v4_GTDB-c003	0.5853658536585366	0.39344262295081966	192
HOMD_v4_GTDB-c003	0.6	0.39344262295081966	201
HOMD_v4_GTDB-c003	0.5897435897435898	0.3770491803278688	213
HOMD_v4_GTDB-c003	0.6052631578947368	0.3770491803278688	216
HOMD_v4_GTDB-c003	0.5945945945945946	0.36065573770491804	246
HOMD_v4_GTDB-c003	0.6111111111111112	0.36065573770491804	273
HOMD_v4_GTDB-c003	0.6	0.3442622950819672	279
HOMD_v4_GTDB-c003	0.5882352941176471	0.32786885245901637	282
HOMD_v4_GTDB-c003	0.6060606060606061	0.32786885245901637	288
HOMD_v4_GTDB-c003	0.59375	0.3114754098360656	300
HOMD_v4_GTDB-c003	0.6129032258064516	0.3114754098360656	330
HOMD_v4_GTDB-c003	0.6	0.29508196721311475	384
HOMD_v4_GTDB-c003	0.6206896551724138	0.29508196721311475	387
HOMD_v4_GTDB-c003	0.6071428571428571	0.2786885245901639	465
HOMD_v4_GTDB-c003	0.5925925925925926	0.26229508196721313	468
HOMD_v4_GTDB-c003	0.6153846153846154	0.26229508196721313	477
HOMD_v4_GTDB-c003	0.6	0.2459016393442623	483
HOMD_v4_GTDB-c003	0.625	0.2459016393442623	537
HOMD_v4_GTDB-c003	0.6086956521739131	0.22950819672131148	552
HOMD_v4_GTDB-c003	0.6363636363636364	0.22950819672131148	585
HOMD_v4_GTDB-c003	0.6190476190476191	0.21311475409836064	627
HOMD_v4_GTDB-c003	0.65	0.21311475409836064	678
HOMD_v4_GTDB-c003	0.631578947368421	0.19672131147540983	702
HOMD_v4_GTDB-c003	0.6111111111111112	0.18032786885245902	738
HOMD_v4_GTDB-c003	0.5882352941176471	0.16393442622950818	837
HOMD_v4_GTDB-c003	0.625	0.16393442622950818	978
HOMD_v4_GTDB-c003	0.6	0.14754098360655737	1056
HOMD_v4_GTDB-c003	0.6428571428571429	0.14754098360655737	1107
HOMD_v4_GTDB-c003	0.6153846153846154	0.13114754098360656	1356
HOMD_v4_GTDB-c003	0.6666666666666666	0.13114754098360656	1500
HOMD_v4_GTDB-c003	0.6363636363636364	0.11475409836065574	1953
HOMD_v4_GTDB-c003	0.6	0.09836065573770492	2442
HOMD_v4_GTDB-c003	0.5555555555555556	0.08196721311475409	2694
HOMD_v4_GTDB-c003	0.625	0.08196721311475409	2724
HOMD_v4_GTDB-c003	0.7142857142857143	0.08196721311475409	2823
HOMD_v4_GTDB-c003	0.6666666666666666	0.06557377049180328	3084
HOMD_v4_GTDB-c003	0.6	0.04918032786885246	4500
HOMD_v4_GTDB-c003	0.5	0.03278688524590164	5049
HOMD_v4_GTDB-c003	0.6666666666666666	0.03278688524590164	5118
HOMD_v4_GTDB-c003	0.5	0.01639344262295082	8553
HOMD_v4_GTDB-c003	0.0	0.0	11487
