HM_Contaminated_Soil-c001	0	0.9375	0
HM_Contaminated_Soil-c001	0.8823529411764706	0.9375	0
HM_Contaminated_Soil-c001	0.9285714285714286	0.8125	3
HM_Contaminated_Soil-c001	1.0	0.75	6
HM_Contaminated_Soil-c001	1	0	6
HM_Contaminated_Soil-c002	0	0.9375	0
HM_Contaminated_Soil-c002	0.8823529411764706	0.9375	0
HM_Contaminated_Soil-c002	0.9285714285714286	0.8125	3
HM_Contaminated_Soil-c002	1.0	0.6875	9
HM_Contaminated_Soil-c002	1	0	9
HM_Contaminated_Soil-c003	0	0.9375	0
HM_Contaminated_Soil-c003	0.7894736842105263	0.9375	0
HM_Contaminated_Soil-c003	0.9285714285714286	0.8125	3
HM_Contaminated_Soil-c003	0.9230769230769231	0.75	6
HM_Contaminated_Soil-c003	1.0	0.75	9
HM_Contaminated_Soil-c003	1	0	9
