alfa_v1v2_SILVA-c001	0	0.9090909090909091	0
alfa_v1v2_SILVA-c001	0.9090909090909091	0.9090909090909091	0
alfa_v1v2_SILVA-c001	0.9	0.8181818181818182	174
alfa_v1v2_SILVA-c001	0.8888888888888888	0.7272727272727273	246
alfa_v1v2_SILVA-c001	0.875	0.6363636363636364	642
alfa_v1v2_SILVA-c001	0.8571428571428571	0.5454545454545454	1962
alfa_v1v2_SILVA-c001	0.8333333333333334	0.45454545454545453	2067
alfa_v1v2_SILVA-c001	0.8	0.36363636363636365	2832
alfa_v1v2_SILVA-c001	0.75	0.2727272727272727	4776
alfa_v1v2_SILVA-c001	0.6666666666666666	0.18181818181818182	6852
alfa_v1v2_SILVA-c001	1.0	0.18181818181818182	8022
alfa_v1v2_SILVA-c001	1	0	8022
alfa_v1v2_SILVA-c002	0	0.9090909090909091	0
alfa_v1v2_SILVA-c002	0.9090909090909091	0.9090909090909091	0
alfa_v1v2_SILVA-c002	0.9	0.8181818181818182	24
alfa_v1v2_SILVA-c002	0.8888888888888888	0.7272727272727273	90
alfa_v1v2_SILVA-c002	0.875	0.6363636363636364	156
alfa_v1v2_SILVA-c002	0.8571428571428571	0.5454545454545454	408
alfa_v1v2_SILVA-c002	0.8333333333333334	0.45454545454545453	936
alfa_v1v2_SILVA-c002	0.8	0.36363636363636365	1632
alfa_v1v2_SILVA-c002	0.75	0.2727272727272727	1695
alfa_v1v2_SILVA-c002	0.6666666666666666	0.18181818181818182	4854
alfa_v1v2_SILVA-c002	0.5	0.09090909090909091	7557
alfa_v1v2_SILVA-c002	1.0	0.09090909090909091	10206
alfa_v1v2_SILVA-c002	1	0	10206
alfa_v1v2_SILVA-c003	0	0.8181818181818182	0
alfa_v1v2_SILVA-c003	0.9	0.8181818181818182	0
alfa_v1v2_SILVA-c003	0.8888888888888888	0.7272727272727273	168
alfa_v1v2_SILVA-c003	0.875	0.6363636363636364	255
alfa_v1v2_SILVA-c003	0.8571428571428571	0.5454545454545454	486
alfa_v1v2_SILVA-c003	0.8333333333333334	0.45454545454545453	525
alfa_v1v2_SILVA-c003	1.0	0.45454545454545453	600
alfa_v1v2_SILVA-c003	1	0	600
