HM_Contaminated_Soil-c001	0	0.9411764705882353	0
HM_Contaminated_Soil-c001	0.9142857142857143	0.9411764705882353	0
HM_Contaminated_Soil-c001	0.9333333333333333	0.4117647058823529	3
HM_Contaminated_Soil-c001	0.9230769230769231	0.35294117647058826	6
HM_Contaminated_Soil-c001	0.9090909090909091	0.29411764705882354	9
HM_Contaminated_Soil-c001	0.9	0.2647058823529412	12
HM_Contaminated_Soil-c001	0.8888888888888888	0.23529411764705882	15
HM_Contaminated_Soil-c001	0.875	0.20588235294117646	18
HM_Contaminated_Soil-c001	0.8333333333333334	0.14705882352941177	27
HM_Contaminated_Soil-c001	0.8	0.11764705882352941	42
HM_Contaminated_Soil-c001	0.75	0.08823529411764706	54
HM_Contaminated_Soil-c001	0.6666666666666666	0.058823529411764705	90
HM_Contaminated_Soil-c001	0.5	0.029411764705882353	126
HM_Contaminated_Soil-c001	0.0	0.0	129
HM_Contaminated_Soil-c002	0	0.8235294117647058	0
HM_Contaminated_Soil-c002	0.9655172413793104	0.8235294117647058	0
HM_Contaminated_Soil-c002	0.9333333333333333	0.4117647058823529	3
HM_Contaminated_Soil-c002	0.9285714285714286	0.38235294117647056	6
HM_Contaminated_Soil-c002	0.9090909090909091	0.29411764705882354	9
HM_Contaminated_Soil-c002	0.875	0.20588235294117646	15
HM_Contaminated_Soil-c002	0.8571428571428571	0.17647058823529413	21
HM_Contaminated_Soil-c002	0.8333333333333334	0.14705882352941177	27
HM_Contaminated_Soil-c002	0.75	0.08823529411764706	45
HM_Contaminated_Soil-c002	0.6666666666666666	0.058823529411764705	87
HM_Contaminated_Soil-c002	0.0	0.0	120
HM_Contaminated_Soil-c003	0	0.8529411764705882	0
HM_Contaminated_Soil-c003	0.8787878787878788	0.8529411764705882	0
HM_Contaminated_Soil-c003	0.9333333333333333	0.4117647058823529	3
HM_Contaminated_Soil-c003	0.9285714285714286	0.38235294117647056	6
HM_Contaminated_Soil-c003	0.9090909090909091	0.29411764705882354	9
HM_Contaminated_Soil-c003	0.8888888888888888	0.23529411764705882	15
HM_Contaminated_Soil-c003	0.875	0.20588235294117646	18
HM_Contaminated_Soil-c003	0.8571428571428571	0.17647058823529413	24
HM_Contaminated_Soil-c003	0.8333333333333334	0.14705882352941177	27
HM_Contaminated_Soil-c003	0.75	0.08823529411764706	48
HM_Contaminated_Soil-c003	0.6666666666666666	0.058823529411764705	84
HM_Contaminated_Soil-c003	0.5	0.029411764705882353	120
HM_Contaminated_Soil-c003	0.0	0.0	132
