HOMD_v4_GTDB-c001	0	0.4142857142857143	0
HOMD_v4_GTDB-c001	0.15384615384615385	0.4142857142857143	0
HOMD_v4_GTDB-c001	0.1643059490084986	0.4142857142857143	3
HOMD_v4_GTDB-c001	0.18412698412698414	0.4142857142857143	6
HOMD_v4_GTDB-c001	0.20141342756183744	0.40714285714285714	9
HOMD_v4_GTDB-c001	0.20300751879699247	0.38571428571428573	12
HOMD_v4_GTDB-c001	0.2163265306122449	0.37857142857142856	15
HOMD_v4_GTDB-c001	0.22362869198312235	0.37857142857142856	18
HOMD_v4_GTDB-c001	0.22510822510822512	0.37142857142857144	21
HOMD_v4_GTDB-c001	0.23076923076923078	0.36428571428571427	24
HOMD_v4_GTDB-c001	0.23923444976076555	0.35714285714285715	27
HOMD_v4_GTDB-c001	0.245	0.35	30
HOMD_v4_GTDB-c001	0.2552083333333333	0.35	33
HOMD_v4_GTDB-c001	0.2608695652173913	0.34285714285714286	36
HOMD_v4_GTDB-c001	0.2681564245810056	0.34285714285714286	39
HOMD_v4_GTDB-c001	0.27325581395348836	0.3357142857142857	42
HOMD_v4_GTDB-c001	0.28313253012048195	0.3357142857142857	45
HOMD_v4_GTDB-c001	0.2830188679245283	0.32142857142857145	48
HOMD_v4_GTDB-c001	0.30201342281879195	0.32142857142857145	51
HOMD_v4_GTDB-c001	0.3125	0.32142857142857145	54
HOMD_v4_GTDB-c001	0.3284671532846715	0.32142857142857145	57
HOMD_v4_GTDB-c001	0.32592592592592595	0.3142857142857143	60
HOMD_v4_GTDB-c001	0.3359375	0.30714285714285716	63
HOMD_v4_GTDB-c001	0.344	0.30714285714285716	66
HOMD_v4_GTDB-c001	0.34710743801652894	0.3	69
HOMD_v4_GTDB-c001	0.3652173913043478	0.3	72
HOMD_v4_GTDB-c001	0.37168141592920356	0.3	75
HOMD_v4_GTDB-c001	0.375	0.3	78
HOMD_v4_GTDB-c001	0.3761467889908257	0.29285714285714287	81
HOMD_v4_GTDB-c001	0.38461538461538464	0.2857142857142857	84
HOMD_v4_GTDB-c001	0.3883495145631068	0.2857142857142857	87
HOMD_v4_GTDB-c001	0.39215686274509803	0.2857142857142857	90
HOMD_v4_GTDB-c001	0.39603960396039606	0.2857142857142857	93
HOMD_v4_GTDB-c001	0.41237113402061853	0.2857142857142857	96
HOMD_v4_GTDB-c001	0.425531914893617	0.2857142857142857	99
HOMD_v4_GTDB-c001	0.43478260869565216	0.2857142857142857	102
HOMD_v4_GTDB-c001	0.43956043956043955	0.2857142857142857	105
HOMD_v4_GTDB-c001	0.4444444444444444	0.2857142857142857	108
HOMD_v4_GTDB-c001	0.45454545454545453	0.2857142857142857	114
HOMD_v4_GTDB-c001	0.45977011494252873	0.2857142857142857	120
HOMD_v4_GTDB-c001	0.47058823529411764	0.2857142857142857	126
HOMD_v4_GTDB-c001	0.4642857142857143	0.2785714285714286	132
HOMD_v4_GTDB-c001	0.4634146341463415	0.2714285714285714	147
HOMD_v4_GTDB-c001	0.4691358024691358	0.2714285714285714	153
HOMD_v4_GTDB-c001	0.475	0.2714285714285714	156
HOMD_v4_GTDB-c001	0.4810126582278481	0.2714285714285714	159
HOMD_v4_GTDB-c001	0.48717948717948717	0.2714285714285714	165
HOMD_v4_GTDB-c001	0.4935064935064935	0.2714285714285714	168
HOMD_v4_GTDB-c001	0.5	0.2714285714285714	171
HOMD_v4_GTDB-c001	0.5	0.2642857142857143	174
HOMD_v4_GTDB-c001	0.5068493150684932	0.2642857142857143	177
HOMD_v4_GTDB-c001	0.5138888888888888	0.2642857142857143	180
HOMD_v4_GTDB-c001	0.5211267605633803	0.2642857142857143	183
HOMD_v4_GTDB-c001	0.5217391304347826	0.2571428571428571	189
HOMD_v4_GTDB-c001	0.5294117647058824	0.2571428571428571	192
HOMD_v4_GTDB-c001	0.5223880597014925	0.25	195
HOMD_v4_GTDB-c001	0.5384615384615384	0.25	201
HOMD_v4_GTDB-c001	0.53125	0.24285714285714285	204
HOMD_v4_GTDB-c001	0.5396825396825397	0.24285714285714285	207
HOMD_v4_GTDB-c001	0.532258064516129	0.2357142857142857	213
HOMD_v4_GTDB-c001	0.5409836065573771	0.2357142857142857	219
HOMD_v4_GTDB-c001	0.55	0.2357142857142857	225
HOMD_v4_GTDB-c001	0.5517241379310345	0.22857142857142856	237
HOMD_v4_GTDB-c001	0.543859649122807	0.22142857142857142	258
HOMD_v4_GTDB-c001	0.5535714285714286	0.22142857142857142	261
HOMD_v4_GTDB-c001	0.5454545454545454	0.21428571428571427	264
HOMD_v4_GTDB-c001	0.5555555555555556	0.21428571428571427	267
HOMD_v4_GTDB-c001	0.5660377358490566	0.21428571428571427	270
HOMD_v4_GTDB-c001	0.5882352941176471	0.21428571428571427	282
HOMD_v4_GTDB-c001	0.6	0.21428571428571427	324
HOMD_v4_GTDB-c001	0.6122448979591837	0.21428571428571427	336
HOMD_v4_GTDB-c001	0.625	0.21428571428571427	348
HOMD_v4_GTDB-c001	0.6170212765957447	0.20714285714285716	351
HOMD_v4_GTDB-c001	0.6304347826086957	0.20714285714285716	357
HOMD_v4_GTDB-c001	0.6444444444444445	0.20714285714285716	390
HOMD_v4_GTDB-c001	0.6363636363636364	0.2	393
HOMD_v4_GTDB-c001	0.627906976744186	0.19285714285714287	399
HOMD_v4_GTDB-c001	0.6190476190476191	0.18571428571428572	432
HOMD_v4_GTDB-c001	0.6097560975609756	0.17857142857142858	444
HOMD_v4_GTDB-c001	0.625	0.17857142857142858	453
HOMD_v4_GTDB-c001	0.6410256410256411	0.17857142857142858	462
HOMD_v4_GTDB-c001	0.631578947368421	0.17142857142857143	492
HOMD_v4_GTDB-c001	0.6216216216216216	0.16428571428571428	507
HOMD_v4_GTDB-c001	0.6111111111111112	0.15714285714285714	564
HOMD_v4_GTDB-c001	0.6	0.15	567
HOMD_v4_GTDB-c001	0.6176470588235294	0.15	630
HOMD_v4_GTDB-c001	0.6363636363636364	0.15	633
HOMD_v4_GTDB-c001	0.65625	0.15	636
HOMD_v4_GTDB-c001	0.6451612903225806	0.14285714285714285	642
HOMD_v4_GTDB-c001	0.6333333333333333	0.1357142857142857	645
HOMD_v4_GTDB-c001	0.6206896551724138	0.12857142857142856	672
HOMD_v4_GTDB-c001	0.6428571428571429	0.12857142857142856	702
HOMD_v4_GTDB-c001	0.6296296296296297	0.12142857142857143	729
HOMD_v4_GTDB-c001	0.6153846153846154	0.11428571428571428	768
HOMD_v4_GTDB-c001	0.64	0.11428571428571428	816
HOMD_v4_GTDB-c001	0.6666666666666666	0.11428571428571428	834
HOMD_v4_GTDB-c001	0.6521739130434783	0.10714285714285714	849
HOMD_v4_GTDB-c001	0.6190476190476191	0.09285714285714286	873
HOMD_v4_GTDB-c001	0.6	0.08571428571428572	888
HOMD_v4_GTDB-c001	0.631578947368421	0.08571428571428572	924
HOMD_v4_GTDB-c001	0.6666666666666666	0.08571428571428572	957
HOMD_v4_GTDB-c001	0.7058823529411765	0.08571428571428572	981
HOMD_v4_GTDB-c001	0.7333333333333333	0.07857142857142857	1041
HOMD_v4_GTDB-c001	0.7142857142857143	0.07142857142857142	1203
HOMD_v4_GTDB-c001	0.6923076923076923	0.06428571428571428	1239
HOMD_v4_GTDB-c001	0.6666666666666666	0.05714285714285714	1308
HOMD_v4_GTDB-c001	0.6363636363636364	0.05	1545
HOMD_v4_GTDB-c001	0.6	0.04285714285714286	2016
HOMD_v4_GTDB-c001	0.5555555555555556	0.03571428571428571	2250
HOMD_v4_GTDB-c001	0.5	0.02857142857142857	2328
HOMD_v4_GTDB-c001	0.42857142857142855	0.02142857142857143	2514
HOMD_v4_GTDB-c001	0.5	0.02142857142857143	2583
HOMD_v4_GTDB-c001	0.6	0.02142857142857143	3228
HOMD_v4_GTDB-c001	0.75	0.02142857142857143	3513
HOMD_v4_GTDB-c001	0.6666666666666666	0.014285714285714285	3516
HOMD_v4_GTDB-c001	0.5	0.007142857142857143	7791
HOMD_v4_GTDB-c001	0.0	0.0	8226
HOMD_v4_GTDB-c002	0	0.4330708661417323	0
HOMD_v4_GTDB-c002	0.12276785714285714	0.4330708661417323	0
HOMD_v4_GTDB-c002	0.13095238095238096	0.4330708661417323	3
HOMD_v4_GTDB-c002	0.14824797843665768	0.4330708661417323	6
HOMD_v4_GTDB-c002	0.1676829268292683	0.4330708661417323	9
HOMD_v4_GTDB-c002	0.1806020066889632	0.4251968503937008	12
HOMD_v4_GTDB-c002	0.19776119402985073	0.41732283464566927	15
HOMD_v4_GTDB-c002	0.21161825726141079	0.4015748031496063	18
HOMD_v4_GTDB-c002	0.21929824561403508	0.3937007874015748	21
HOMD_v4_GTDB-c002	0.22727272727272727	0.3937007874015748	24
HOMD_v4_GTDB-c002	0.2358490566037736	0.3937007874015748	27
HOMD_v4_GTDB-c002	0.24378109452736318	0.3858267716535433	30
HOMD_v4_GTDB-c002	0.2474747474747475	0.3858267716535433	33
HOMD_v4_GTDB-c002	0.2538860103626943	0.3858267716535433	36
HOMD_v4_GTDB-c002	0.2620320855614973	0.3858267716535433	39
HOMD_v4_GTDB-c002	0.266304347826087	0.3858267716535433	42
HOMD_v4_GTDB-c002	0.2768361581920904	0.3858267716535433	45
HOMD_v4_GTDB-c002	0.28160919540229884	0.3858267716535433	48
HOMD_v4_GTDB-c002	0.29518072289156627	0.3858267716535433	51
HOMD_v4_GTDB-c002	0.294478527607362	0.3779527559055118	54
HOMD_v4_GTDB-c002	0.29375	0.3700787401574803	57
HOMD_v4_GTDB-c002	0.29605263157894735	0.3543307086614173	60
HOMD_v4_GTDB-c002	0.3103448275862069	0.3543307086614173	63
HOMD_v4_GTDB-c002	0.32142857142857145	0.3543307086614173	66
HOMD_v4_GTDB-c002	0.3358208955223881	0.3543307086614173	69
HOMD_v4_GTDB-c002	0.3409090909090909	0.3543307086614173	72
HOMD_v4_GTDB-c002	0.352	0.3464566929133858	75
HOMD_v4_GTDB-c002	0.3706896551724138	0.33858267716535434	81
HOMD_v4_GTDB-c002	0.37719298245614036	0.33858267716535434	84
HOMD_v4_GTDB-c002	0.38738738738738737	0.33858267716535434	87
HOMD_v4_GTDB-c002	0.3944954128440367	0.33858267716535434	90
HOMD_v4_GTDB-c002	0.39814814814814814	0.33858267716535434	93
HOMD_v4_GTDB-c002	0.40186915887850466	0.33858267716535434	96
HOMD_v4_GTDB-c002	0.4174757281553398	0.33858267716535434	99
HOMD_v4_GTDB-c002	0.41414141414141414	0.3228346456692913	102
HOMD_v4_GTDB-c002	0.41836734693877553	0.3228346456692913	105
HOMD_v4_GTDB-c002	0.422680412371134	0.3228346456692913	108
HOMD_v4_GTDB-c002	0.43157894736842106	0.3228346456692913	117
HOMD_v4_GTDB-c002	0.43617021276595747	0.3228346456692913	120
HOMD_v4_GTDB-c002	0.44086021505376344	0.3228346456692913	123
HOMD_v4_GTDB-c002	0.44565217391304346	0.3228346456692913	126
HOMD_v4_GTDB-c002	0.45054945054945056	0.3228346456692913	132
HOMD_v4_GTDB-c002	0.43820224719101125	0.30708661417322836	138
HOMD_v4_GTDB-c002	0.45348837209302323	0.30708661417322836	147
HOMD_v4_GTDB-c002	0.4642857142857143	0.30708661417322836	150
HOMD_v4_GTDB-c002	0.4634146341463415	0.2992125984251969	159
HOMD_v4_GTDB-c002	0.4691358024691358	0.2992125984251969	168
HOMD_v4_GTDB-c002	0.4625	0.29133858267716534	171
HOMD_v4_GTDB-c002	0.46835443037974683	0.29133858267716534	180
HOMD_v4_GTDB-c002	0.47435897435897434	0.29133858267716534	183
HOMD_v4_GTDB-c002	0.4805194805194805	0.29133858267716534	186
HOMD_v4_GTDB-c002	0.48	0.28346456692913385	189
HOMD_v4_GTDB-c002	0.4931506849315068	0.28346456692913385	201
HOMD_v4_GTDB-c002	0.5	0.28346456692913385	204
HOMD_v4_GTDB-c002	0.5070422535211268	0.28346456692913385	207
HOMD_v4_GTDB-c002	0.5142857142857142	0.28346456692913385	213
HOMD_v4_GTDB-c002	0.5217391304347826	0.28346456692913385	222
HOMD_v4_GTDB-c002	0.5147058823529411	0.2755905511811024	231
HOMD_v4_GTDB-c002	0.5303030303030303	0.2755905511811024	243
HOMD_v4_GTDB-c002	0.5230769230769231	0.2677165354330709	249
HOMD_v4_GTDB-c002	0.53125	0.2677165354330709	255
HOMD_v4_GTDB-c002	0.5238095238095238	0.25984251968503935	270
HOMD_v4_GTDB-c002	0.532258064516129	0.25984251968503935	279
HOMD_v4_GTDB-c002	0.5409836065573771	0.25984251968503935	285
HOMD_v4_GTDB-c002	0.5423728813559322	0.25196850393700787	288
HOMD_v4_GTDB-c002	0.5614035087719298	0.25196850393700787	294
HOMD_v4_GTDB-c002	0.5714285714285714	0.25196850393700787	303
HOMD_v4_GTDB-c002	0.5818181818181818	0.25196850393700787	309
HOMD_v4_GTDB-c002	0.5740740740740741	0.2440944881889764	318
HOMD_v4_GTDB-c002	0.5769230769230769	0.23622047244094488	321
HOMD_v4_GTDB-c002	0.5882352941176471	0.23622047244094488	324
HOMD_v4_GTDB-c002	0.6	0.23622047244094488	330
HOMD_v4_GTDB-c002	0.5918367346938775	0.2283464566929134	333
HOMD_v4_GTDB-c002	0.6041666666666666	0.2283464566929134	339
HOMD_v4_GTDB-c002	0.5957446808510638	0.2204724409448819	342
HOMD_v4_GTDB-c002	0.6086956521739131	0.2204724409448819	360
HOMD_v4_GTDB-c002	0.6	0.2125984251968504	369
HOMD_v4_GTDB-c002	0.6136363636363636	0.2125984251968504	375
HOMD_v4_GTDB-c002	0.6046511627906976	0.2047244094488189	408
HOMD_v4_GTDB-c002	0.6190476190476191	0.2047244094488189	411
HOMD_v4_GTDB-c002	0.6341463414634146	0.2047244094488189	426
HOMD_v4_GTDB-c002	0.65	0.2047244094488189	444
HOMD_v4_GTDB-c002	0.6666666666666666	0.2047244094488189	468
HOMD_v4_GTDB-c002	0.6578947368421053	0.1968503937007874	471
HOMD_v4_GTDB-c002	0.6756756756756757	0.1968503937007874	537
HOMD_v4_GTDB-c002	0.6944444444444444	0.1968503937007874	561
HOMD_v4_GTDB-c002	0.7142857142857143	0.1968503937007874	585
HOMD_v4_GTDB-c002	0.7058823529411765	0.1889763779527559	588
HOMD_v4_GTDB-c002	0.7272727272727273	0.1889763779527559	627
HOMD_v4_GTDB-c002	0.71875	0.18110236220472442	642
HOMD_v4_GTDB-c002	0.7096774193548387	0.1732283464566929	657
HOMD_v4_GTDB-c002	0.7	0.16535433070866143	663
HOMD_v4_GTDB-c002	0.7241379310344828	0.16535433070866143	678
HOMD_v4_GTDB-c002	0.75	0.16535433070866143	738
HOMD_v4_GTDB-c002	0.7307692307692307	0.14960629921259844	795
HOMD_v4_GTDB-c002	0.72	0.14173228346456693	840
HOMD_v4_GTDB-c002	0.7083333333333334	0.13385826771653545	861
HOMD_v4_GTDB-c002	0.7391304347826086	0.13385826771653545	870
HOMD_v4_GTDB-c002	0.7727272727272727	0.13385826771653545	933
HOMD_v4_GTDB-c002	0.7619047619047619	0.12598425196850394	948
HOMD_v4_GTDB-c002	0.75	0.11811023622047244	954
HOMD_v4_GTDB-c002	0.7894736842105263	0.11811023622047244	969
HOMD_v4_GTDB-c002	0.8333333333333334	0.11811023622047244	1110
HOMD_v4_GTDB-c002	0.8823529411764706	0.11811023622047244	1122
HOMD_v4_GTDB-c002	0.875	0.11023622047244094	1134
HOMD_v4_GTDB-c002	0.9333333333333333	0.11023622047244094	1197
HOMD_v4_GTDB-c002	0.9285714285714286	0.10236220472440945	1647
HOMD_v4_GTDB-c002	0.9230769230769231	0.09448818897637795	1665
HOMD_v4_GTDB-c002	0.9166666666666666	0.08661417322834646	1707
HOMD_v4_GTDB-c002	0.9090909090909091	0.07874015748031496	1743
HOMD_v4_GTDB-c002	0.9	0.07086614173228346	1761
HOMD_v4_GTDB-c002	0.8888888888888888	0.06299212598425197	1962
HOMD_v4_GTDB-c002	0.875	0.05511811023622047	1968
HOMD_v4_GTDB-c002	1.0	0.05511811023622047	2097
HOMD_v4_GTDB-c002	1	0	2097
HOMD_v4_GTDB-c003	0	0.39072847682119205	0
HOMD_v4_GTDB-c003	0.15567282321899736	0.39072847682119205	0
HOMD_v4_GTDB-c003	0.16954022988505746	0.39072847682119205	3
HOMD_v4_GTDB-c003	0.2027491408934708	0.39072847682119205	6
HOMD_v4_GTDB-c003	0.23046875	0.39072847682119205	9
HOMD_v4_GTDB-c003	0.24568965517241378	0.37748344370860926	12
HOMD_v4_GTDB-c003	0.26635514018691586	0.37748344370860926	15
HOMD_v4_GTDB-c003	0.27722772277227725	0.3708609271523179	18
HOMD_v4_GTDB-c003	0.29411764705882354	0.36423841059602646	21
HOMD_v4_GTDB-c003	0.3055555555555556	0.36423841059602646	24
HOMD_v4_GTDB-c003	0.3157894736842105	0.3576158940397351	27
HOMD_v4_GTDB-c003	0.32919254658385094	0.3509933774834437	30
HOMD_v4_GTDB-c003	0.33766233766233766	0.3443708609271523	33
HOMD_v4_GTDB-c003	0.3561643835616438	0.3443708609271523	36
HOMD_v4_GTDB-c003	0.3546099290780142	0.33112582781456956	39
HOMD_v4_GTDB-c003	0.36496350364963503	0.33112582781456956	42
HOMD_v4_GTDB-c003	0.37593984962406013	0.33112582781456956	45
HOMD_v4_GTDB-c003	0.38461538461538464	0.33112582781456956	48
HOMD_v4_GTDB-c003	0.3968253968253968	0.33112582781456956	51
HOMD_v4_GTDB-c003	0.4016393442622951	0.32450331125827814	54
HOMD_v4_GTDB-c003	0.4083333333333333	0.32450331125827814	57
HOMD_v4_GTDB-c003	0.4224137931034483	0.32450331125827814	60
HOMD_v4_GTDB-c003	0.43243243243243246	0.31788079470198677	63
HOMD_v4_GTDB-c003	0.4351851851851852	0.31125827814569534	66
HOMD_v4_GTDB-c003	0.4392523364485981	0.31125827814569534	69
HOMD_v4_GTDB-c003	0.46078431372549017	0.31125827814569534	72
HOMD_v4_GTDB-c003	0.47	0.31125827814569534	75
HOMD_v4_GTDB-c003	0.47959183673469385	0.31125827814569534	78
HOMD_v4_GTDB-c003	0.4845360824742268	0.31125827814569534	81
HOMD_v4_GTDB-c003	0.4895833333333333	0.31125827814569534	84
HOMD_v4_GTDB-c003	0.4842105263157895	0.304635761589404	90
HOMD_v4_GTDB-c003	0.4945054945054945	0.2980132450331126	93
HOMD_v4_GTDB-c003	0.5	0.2980132450331126	96
HOMD_v4_GTDB-c003	0.5057471264367817	0.2913907284768212	99
HOMD_v4_GTDB-c003	0.5	0.2847682119205298	102
HOMD_v4_GTDB-c003	0.49411764705882355	0.2781456953642384	105
HOMD_v4_GTDB-c003	0.5060240963855421	0.2781456953642384	111
HOMD_v4_GTDB-c003	0.5121951219512195	0.2781456953642384	117
HOMD_v4_GTDB-c003	0.525	0.2781456953642384	120
HOMD_v4_GTDB-c003	0.5256410256410257	0.271523178807947	123
HOMD_v4_GTDB-c003	0.5324675324675324	0.271523178807947	126
HOMD_v4_GTDB-c003	0.5333333333333333	0.26490066225165565	129
HOMD_v4_GTDB-c003	0.5405405405405406	0.26490066225165565	132
HOMD_v4_GTDB-c003	0.5416666666666666	0.2582781456953642	135
HOMD_v4_GTDB-c003	0.5571428571428572	0.2582781456953642	138
HOMD_v4_GTDB-c003	0.5652173913043478	0.2582781456953642	141
HOMD_v4_GTDB-c003	0.582089552238806	0.2582781456953642	144
HOMD_v4_GTDB-c003	0.5909090909090909	0.2582781456953642	147
HOMD_v4_GTDB-c003	0.59375	0.25165562913907286	150
HOMD_v4_GTDB-c003	0.6031746031746031	0.25165562913907286	159
HOMD_v4_GTDB-c003	0.6129032258064516	0.25165562913907286	165
HOMD_v4_GTDB-c003	0.6065573770491803	0.24503311258278146	168
HOMD_v4_GTDB-c003	0.6271186440677966	0.24503311258278146	171
HOMD_v4_GTDB-c003	0.6206896551724138	0.23841059602649006	174
HOMD_v4_GTDB-c003	0.631578947368421	0.23841059602649006	177
HOMD_v4_GTDB-c003	0.625	0.23178807947019867	192
HOMD_v4_GTDB-c003	0.6296296296296297	0.2251655629139073	201
HOMD_v4_GTDB-c003	0.6415094339622641	0.2251655629139073	213
HOMD_v4_GTDB-c003	0.6346153846153846	0.2185430463576159	216
HOMD_v4_GTDB-c003	0.6470588235294118	0.2185430463576159	231
HOMD_v4_GTDB-c003	0.66	0.2185430463576159	240
HOMD_v4_GTDB-c003	0.6666666666666666	0.2119205298013245	270
HOMD_v4_GTDB-c003	0.6595744680851063	0.2052980132450331	279
HOMD_v4_GTDB-c003	0.6521739130434783	0.1986754966887417	282
HOMD_v4_GTDB-c003	0.6818181818181818	0.1986754966887417	288
HOMD_v4_GTDB-c003	0.6744186046511628	0.19205298013245034	294
HOMD_v4_GTDB-c003	0.6904761904761905	0.19205298013245034	312
HOMD_v4_GTDB-c003	0.6829268292682927	0.18543046357615894	324
HOMD_v4_GTDB-c003	0.7	0.18543046357615894	330
HOMD_v4_GTDB-c003	0.6923076923076923	0.17880794701986755	342
HOMD_v4_GTDB-c003	0.6842105263157895	0.17218543046357615	348
HOMD_v4_GTDB-c003	0.7027027027027027	0.17218543046357615	357
HOMD_v4_GTDB-c003	0.7222222222222222	0.17218543046357615	369
HOMD_v4_GTDB-c003	0.7142857142857143	0.16556291390728478	375
HOMD_v4_GTDB-c003	0.7352941176470589	0.16556291390728478	387
HOMD_v4_GTDB-c003	0.7575757575757576	0.16556291390728478	471
HOMD_v4_GTDB-c003	0.7741935483870968	0.15894039735099338	510
HOMD_v4_GTDB-c003	0.8	0.15894039735099338	534
HOMD_v4_GTDB-c003	0.8571428571428571	0.15894039735099338	558
HOMD_v4_GTDB-c003	0.8518518518518519	0.152317880794702	624
HOMD_v4_GTDB-c003	0.8461538461538461	0.1456953642384106	636
HOMD_v4_GTDB-c003	0.84	0.1390728476821192	648
HOMD_v4_GTDB-c003	0.8333333333333334	0.13245033112582782	702
HOMD_v4_GTDB-c003	0.8695652173913043	0.13245033112582782	738
HOMD_v4_GTDB-c003	0.8636363636363636	0.12582781456953643	741
HOMD_v4_GTDB-c003	0.8571428571428571	0.11920529801324503	831
HOMD_v4_GTDB-c003	0.85	0.11258278145695365	837
HOMD_v4_GTDB-c003	0.8947368421052632	0.11258278145695365	840
HOMD_v4_GTDB-c003	0.8888888888888888	0.10596026490066225	903
HOMD_v4_GTDB-c003	0.8823529411764706	0.09933774834437085	1095
HOMD_v4_GTDB-c003	0.875	0.09271523178807947	1251
HOMD_v4_GTDB-c003	0.8666666666666667	0.08609271523178808	1350
HOMD_v4_GTDB-c003	0.8571428571428571	0.07947019867549669	1428
HOMD_v4_GTDB-c003	0.8461538461538461	0.0728476821192053	1557
HOMD_v4_GTDB-c003	0.9166666666666666	0.0728476821192053	1818
HOMD_v4_GTDB-c003	0.9090909090909091	0.06622516556291391	1899
HOMD_v4_GTDB-c003	0.9	0.059602649006622516	1950
HOMD_v4_GTDB-c003	0.8888888888888888	0.052980132450331126	2223
HOMD_v4_GTDB-c003	1.0	0.052980132450331126	2334
HOMD_v4_GTDB-c003	1	0	2334
